time,P_generator,Q_generator,V_bus_01,V_bus_02,V_bus_03,V_bus_04,V_bus_05,V_bus_06,V_bus_07,V_bus_08,V_bus_09,V_bus_10,V_bus_11,V_bus_12,V_bus_13,V_bus_14,V_bus_15,V_bus_16,V_bus_17,V_bus_18,V_bus_19,V_bus_20,V_bus_21,V_bus_22,V_bus_23,V_bus_24,V_bus_25,V_bus_26,V_bus_27,V_bus_28,V_bus_29,V_bus_30,V_bus_31,V_bus_32,V_bus_33,V_bus_34,V_bus_35,V_bus_36,V_bus_37,V_bus_38,V_bus_39,f_gen_01,f_gen_02,f_gen_03,f_gen_04,f_gen_05,f_gen_06,f_gen_07,f_gen_08,f_gen_09,f_gen_10
0,8.21977002538218,0.436269834569362,1.02689619675705,1.02001666624597,0.99447483961839,0.960052914488354,0.958759194400415,0.959595583265732,0.953428280202794,0.95459830027182,1.02020748978919,0.965720464430389,0.96248971145941,0.945223402898302,0.964270555325827,0.965187824060215,0.973078921276371,0.991037183180515,0.995070011903285,0.993422115057645,0.990604030237737,0.987464309584295,0.997579428206033,1.02295995468122,1.02167673627957,0.999263896725713,1.02837994251279,1.01926682520478,1.00205421142613,1.01980305097993,1.02109290474891,1.04990032627657,0.982000407484284,0.984100409692964,0.997200872807602,1.01230087613236,1.04940108840344,1.06360108401266,1.02750044803667,1.02650102943883,1.0300000719806,1,1,1,1,1,1,1,1,1,1
0.2,8.21976581197761,0.436269131685302,1.02689634378284,1.02001685759086,0.994475040116049,0.960053108719427,0.95875938752272,0.959595776101752,0.953428472315214,0.954598491454614,1.02020762188374,0.965720652071003,0.962489901630435,0.945223589244182,0.964270745017948,0.965188021132473,0.973079138955677,0.991037411654313,0.99507023484134,0.993422330404824,0.990604276065881,0.987464585016073,0.997579651095649,1.02296017059666,1.0216769419533,0.999264124040779,1.02838009875034,1.01926704806138,1.00205443309992,1.01980331134105,1.02109317049967,1.04990045693871,0.982000579005199,0.984100570900671,0.997201083025544,1.01230119020072,1.04940130699953,1.06360124211743,1.02750060259845,1.02650129160951,1.03000011870622,0.999999965064363,0.999999959528234,0.999999959155672,0.999999950271538,0.99999994611807,0.999999956025321,0.999999956701142,0.99999996115986,0.999999949447621,0.99999997972829
0.4,8.21976092568697,0.436268219703308,1.02689648089711,1.0200170221294,0.994475214203374,0.960053285264132,0.958759568883695,0.959595957779237,0.953428654400047,0.954598673034264,1.02020775024188,0.965720825861157,0.962490078889232,0.94522376174441,0.964270919399559,0.965188199058754,0.97307932626899,0.991037604366685,0.995070424180451,0.993422515063769,0.990604478408985,0.98746481063787,0.997579833734196,1.02296033924555,1.02167710315841,0.999264314759182,1.02838021901172,1.01926723217719,1.00205461843999,1.01980352857608,1.02109339171522,1.04990055558314,0.982000744034681,0.984100719918018,0.997201250466193,1.01230144479778,1.04940146607249,1.06360134982795,1.02750071619575,1.02650150633936,1.03000016337049,0.999999928575556,0.999999925961939,0.999999925849744,0.999999917729963,0.999999911060791,0.999999921049695,0.999999919317671,0.99999992797294,0.999999918332127,0.999999950083147
0.6,8.21975900788041,0.436267205643762,1.02689652586455,1.02001704629394,0.994475239185839,0.960053319651259,0.958759612541999,0.959596001863173,0.953428701879723,0.954598721623847,1.02020779355855,0.965720861934769,0.962490118067935,0.945223797966544,0.964270954063293,0.965188230987169,0.973079348359209,0.991037621773341,0.995070441989751,0.993422536206915,0.990604487500228,0.987464827011134,0.997579844401366,1.022960337746,1.02167709880461,0.999264330623479,1.02838021859646,1.01926723232162,1.00205462629739,1.01980351649809,1.02109337440733,1.04990055784362,0.982000780813263,0.984100745404836,0.997201240088831,1.01230146760403,1.04940145199876,1.06360130764405,1.02750070980737,1.02650147541243,1.03000017857566,0.999999900564799,0.999999906623495,0.999999907523963,0.999999910600461,0.999999908220644,0.999999906021152,0.999999904163147,0.999999906804143,0.999999915879619,0.999999905977936
0.8,8.21976188999109,0.436266753165716,1.02689638912936,1.02001684293784,0.994475020133488,0.960053104706681,0.958759400236745,0.959595788849726,0.953428494064471,0.954598516570043,1.02020766358892,0.965720649152829,0.96248990465261,0.945223588050834,0.964270739573376,0.965188010297433,0.973079105652974,0.991037366929576,0.99507019283339,0.993422297824962,0.990604210848697,0.987464538640993,0.997579594018811,1.0229600920912,1.02167685351485,0.999264074901395,1.02838004290673,1.01926696898686,1.0020543707611,1.01980319076653,1.02109303516246,1.04990040987001,0.982000570674875,0.984100548431793,0.997200971921189,1.01230116063239,1.04940121508332,1.0636010753349,1.02750054732654,1.02650112277428,1.03000013409431,0.999999890933044,0.999999896100545,0.999999897901539,0.999999907771347,0.999999915217872,0.999999905823924,0.999999907785735,0.999999894864026,0.999999914217225,0.999999863406631
1,8.21976456109469,0.436266901016509,1.02689613197341,1.02001650365959,0.99447465088492,0.96005272883502,0.958759018711514,0.959595405388814,0.953428116387122,0.954598142528851,1.02020741569325,0.965720272081748,0.962489524218583,0.945223215958439,0.964270361507435,0.965187625896465,0.973078694472808,0.991036940258187,0.99506978189358,0.993421901286815,0.990603758590716,0.987464063594078,0.99757917147838,1.02295968149004,1.02167644552061,0.999263645090658,1.02837976212162,1.0192665756457,1.00205397218291,1.01980273929526,1.02109257282773,1.04990017057094,0.982000194217386,0.98410020178925,0.997200544261644,1.0123006520705,1.04940082684498,1.06360071622983,1.02750028868048,1.0265006552755,1.03000005001758,0.999999881924261,0.99999988384747,0.999999885880697,0.999999896443508,0.999999905743378,0.999999899435899,0.999999899349643,0.999999883014087,0.999999895992313,0.999999842574492
1.2,8.21976398054286,0.436266451044974,1.0268959848329,1.02001629070777,0.994474414146605,0.960052489338391,0.958758780011998,0.959595165454582,0.953427882625023,0.954597912021776,1.02020727026863,0.965720030566597,0.962489282640935,0.945222978347822,0.964270118725335,0.965187377759738,0.973078421520059,0.991036653594132,0.995069510363454,0.993421642333121,0.990603445724033,0.987463736680079,0.9975788820768,1.02295939178306,1.0216761570072,0.999263354996229,1.02837957263888,1.01926631860781,1.00205371047719,1.01980244785075,1.02109227351674,1.04990001750828,0.981999956234162,0.984099972120532,0.997200238724165,1.01230030226896,1.0494005426093,1.06360044103385,1.02750010536668,1.02650034677789,1.03000000144257,0.999999866696192,0.999999870041227,0.999999871261254,0.999999877660677,0.999999880828053,0.999999877305592,0.999999876433766,0.999999869351794,0.999999877105551,0.999999851552342
1.4,8.21976294035258,0.436265637785429,1.0268959011811,1.02001615110677,0.994474257520008,0.960052335835718,0.958758632033217,0.959595016959688,0.953427739880212,0.954597772010721,1.02020718742915,0.965719876845049,0.962489130438387,0.945222827426863,0.964269963283739,0.965187216768777,0.97307823686743,0.991036456401915,0.995069324155171,0.993421467167576,0.990603224691166,0.987463506672744,0.997578679995216,1.02295918383778,1.02167594941656,0.999263154784482,1.02837943740429,1.01926613261966,1.00205352560437,1.01980222870227,1.02109204567974,1.0498999139125,0.981999808731783,0.984099821965082,0.997200015666128,1.01230005610949,1.04940033119104,1.06360022912829,1.02749997027924,1.02650010538575,1.02999997407852,0.999999856957436,0.999999859820088,0.999999860195021,0.999999861363824,0.999999859937388,0.999999859345763,0.999999859219045,0.999999859764366,0.999999863666471,0.999999863402551
1.6,8.21976129754698,0.436264350692055,1.02689591295885,1.02001612681886,0.994474228162276,0.960052319251008,0.958758627700838,0.959595013345082,0.953427740525461,0.954597774243986,1.02020720077851,0.965719863677668,0.962489120754145,0.945222815035059,0.964269947712412,0.965187195285461,0.973078194361645,0.99103640369502,0.995069275303433,0.993421426181187,0.99060315721243,0.987463439402075,0.997578617517456,1.02295910656192,1.02167587181907,0.99926309920705,1.0283793900173,1.01926606272062,1.00205346535627,1.01980212973939,1.02109193742716,1.04989988887147,0.981999806420571,0.984099801645241,0.997199932856988,1.01229998513939,1.049400236377,1.0636001241777,1.02749991424745,1.02649997814104,1.02999997878163,0.999999861472121,0.99999986071106,0.999999860616679,0.999999857979969,0.999999854807207,0.999999858041897,0.999999858796218,0.999999862240894,0.999999863213953,0.999999874624274
1.8,8.21975965149178,0.436263263978514,1.02689593382577,1.02001612596538,0.9944742262708,0.960052330299203,0.958758649616427,0.959595036255073,0.953427765742172,0.95459780019689,1.02020722564965,0.965719879402293,0.962489139142642,0.945222830674983,0.964269961208357,0.965187203385224,0.973078185304659,0.991036386631862,0.995069260318009,0.993421416617963,0.990603136588333,0.987463423405738,0.997578588269035,1.02295906168246,1.02167582775095,0.999263078837804,1.0283793679764,1.01926602966399,1.00205344040649,1.01980207689477,1.02109187766715,1.04989988230602,0.981999833628168,0.984099812808923,0.997199898711317,1.01229997198088,1.0494001723809,1.06360005772757,1.02749988398566,1.02649990293734,1.02999998663621,0.999999877584089,0.999999875498321,0.999999875643322,0.999999875449302,0.999999872884639,0.99999987722262,0.999999876670669,0.99999987735617,0.999999877307394,0.999999879108192
2,8.21975912189258,0.436262920776794,1.026895887619,1.02001605959224,0.994474152409983,0.960052259087571,0.958758580943408,0.959594967726217,0.953427698523411,0.954597733707802,1.02020718265478,0.965719810530731,0.962489070172373,0.945222762418784,0.964269891040739,0.965187129277749,0.97307809799801,0.99103629266127,0.99506917225459,0.993421333771199,0.990603039825601,0.987463325960337,0.997578487439441,1.02295895484943,1.02167572316761,0.999262982211415,1.02837930779208,1.01926594522151,1.00205335494462,1.01980197855002,1.02109177568129,1.04989983662171,0.981999771722346,0.984099751884226,0.997199804029003,1.01229987167226,1.0494000590332,1.06359995661502,1.02749982607087,1.026499795273,1.02999997185716,0.99999989486883,0.999999896770185,0.999999897224691,0.999999902445399,0.999999904030197,0.999999902293629,0.99999990134743,0.999999896087276,0.999999900423233,0.999999882672199
2.2,8.21976046149785,0.436263168502191,1.02689578625151,1.02001593404641,0.994474012867981,0.96005211489944,0.958758433637607,0.959594819903179,0.953427551775246,0.954597587920056,1.02020708318977,0.965719667360735,0.962488924868577,0.94522262049162,0.96426974702905,0.965186981732338,0.973077938052128,0.991036125953476,0.995069014248445,0.993421182070216,0.990602861967223,0.98746313658695,0.997578321983285,1.02295879381389,1.02167556464056,0.99926281437774,1.02837921027865,1.01926580235997,1.00205320638692,1.01980181689637,1.02109161107914,1.0498997560605,0.981999631787583,0.984099627094968,0.997199641477258,1.01229966695216,1.04939990442916,1.06359982208598,1.0274997411507,1.02649963139838,1.02999993844551,0.999999909810435,0.999999913426633,0.999999913659928,0.999999920213702,0.999999926526769,0.999999919126372,0.999999919349092,0.999999911532374,0.999999919811841,0.999999895096494
2.4,8.21976204116091,0.436263402586766,1.02689571505016,1.02001584695754,0.994473916351697,0.960052018337818,0.958758336601657,0.959594722923735,0.953427454919689,0.954597491448718,1.0202070159533,0.965719574279225,0.96248883006148,0.945222527689715,0.964269652660636,0.96518688298538,0.973077826241786,0.991036007581275,0.995068902349486,0.993421075483793,0.990602731907088,0.987462994306067,0.99757820454066,1.02295867940702,1.02167545222216,0.999262695236265,1.02837914361818,1.01926569902122,1.00205309991178,1.01980169663542,1.02109148816335,1.0498997033632,0.981999543985096,0.984099550497293,0.997199523475169,1.01229950913983,1.04939979396095,1.06359972773672,1.02749968394468,1.02649950914615,1.02999991538594,0.999999923359866,0.999999922374368,0.999999922115998,0.999999925195875,0.999999928475259,0.999999925735612,0.999999925687944,0.999999923284433,0.999999926292832,0.999999918729294
2.6,8.21976147199456,0.436263236741921,1.02689574414759,1.0200158842734,0.994473956381277,0.960052066189932,0.958758389833273,0.959594777296904,0.953427507848169,0.954597543570982,1.02020704918533,0.965719627817132,0.962488883996291,0.945222579629343,0.964269704602354,0.965186931118403,0.973077865555207,0.99103604346932,0.995068939750561,0.993421114073725,0.99060276838842,0.987463032476639,0.997578233200049,1.02295869978895,1.02167547385003,0.999262729555817,1.02837917182983,1.01926573509273,1.00205313627408,1.01980173648525,1.02109152828113,1.04989973399887,0.981999606218227,0.984099607156298,0.997199556152363,1.01229954935401,1.04939980294148,1.06359974095224,1.02749970785109,1.02649954773487,1.0299999257229,0.999999934473953,0.999999930137671,0.99999992944261,0.999999927285092,0.999999922520094,0.999999928559234,0.999999927905081,0.999999932716663,0.999999926284648,0.999999945210088
2.8,8.21975911504125,0.436262835495117,1.02689585554692,1.02001602541939,0.994474107698507,0.960052225803315,0.958758556577462,0.959594945550451,0.953427673805735,0.954597707989882,1.02020715929215,0.965719792001675,0.962489050078707,0.945222741066193,0.964269867604706,0.965187092773157,0.973078026876543,0.99103620603619,0.995069100178532,0.993421271774617,0.990602942263135,0.987463219058024,0.997578383782889,1.02295883468474,1.02167560926988,0.999262890447059,1.02837928124292,1.01926589042436,1.00205329285189,1.01980191578374,1.02109171113915,1.04989983459633,0.981999777467285,0.984099762881371,0.99719971511537,1.01229975238093,1.04939991565293,1.06359984873106,1.02749980500125,1.02649972880083,1.02999996256246,0.999999944685005,0.999999942578612,0.999999941499796,0.999999935809162,0.999999929992334,0.999999936809743,0.999999936978319,0.999999942940209,0.999999934417642,0.99999996291406
3,8.21975763144051,0.436262665219838,1.02689595954953,1.02001616197828,0.994474253415977,0.960052376018944,0.958758711127013,0.959595101304545,0.953427826994051,0.954597859605134,1.02020725966905,0.965719945806555,0.962489204995916,0.945222892130786,0.964270020628502,0.965187245528194,0.973078183053021,0.991036365102245,0.995069256453299,0.993421424638771,0.9906031125974,0.987463398137026,0.997578534292483,1.02295897342466,1.02167574871175,0.99926304878687,1.02837939185248,1.01926604318043,1.00205344619313,1.01980209158711,1.02109189094904,1.04989993376624,0.981999934599903,0.984099911082936,0.997199875469024,1.01229994416634,1.04940003614651,1.06359996749865,1.02749990816769,1.02649990937596,1.02999999652267,0.999999958516888,0.99999995811039,0.999999957116609,0.999999954017499,0.999999953758568,0.999999955082391,0.999999955191105,0.999999957596455,0.999999954359921,0.999999967543982
3.2,8.21975840034865,0.436263011857603,1.02689598397367,1.02001620804588,0.994474304054839,0.960052428933266,0.958758764235097,0.959595155246028,0.953427877835093,0.954597909035898,1.02020728646019,0.965720003446798,0.962489261387195,0.94522294770626,0.964270077523744,0.965187300877744,0.97307823857366,0.991036421496877,0.995069311831889,0.993421478189679,0.990603176037735,0.987463461357661,0.997578588503117,1.02295902584524,1.0216758029888,0.999263105233997,1.0283794395102,1.01926610173419,1.00205350293789,1.01980215954712,1.02109196168287,1.04989997382277,0.981999995356337,0.984099976832839,0.997199943657216,1.01230000937572,1.04940008346433,1.06360002571891,1.02749995833822,1.02649998527458,1.03000000488793,0.999999973529272,0.99999997162085,0.999999971439523,0.999999974950685,0.999999977456541,0.99999997565894,0.9999999747515,0.999999972963464,0.999999974504215,0.999999965620717
3.4,8.2197602526325,0.436263715060624,1.02689594328393,1.02001617935424,0.994474275155787,0.960052398992597,0.958758730700323,0.959595122066736,0.953427841525235,0.954597871626831,1.02020725180012,0.965719977532348,0.962489232654047,0.945222920696881,0.964270051194774,0.965187272726734,0.973078208819259,0.991036391275733,0.99506928302756,0.993421448847264,0.990603150820269,0.987463432522876,0.997578559868503,1.02295900236574,1.02167578187771,0.99926307513866,1.02837943307047,1.01926608506729,1.00205348100061,1.01980214551126,1.02109195011404,1.04989996410445,0.981999972555941,0.984099967442141,0.997199932628608,1.01229997771417,1.04940006533096,1.06360002651891,1.02749996065015,1.02649998234965,1.02999999212908,0.999999980484921,0.999999979163264,0.999999979456586,0.99999998423987,0.999999986364938,0.999999984679776,0.999999984302794,0.999999979864205,0.999999982165154,0.999999967388685
3.6,8.21976129285986,0.436264305331755,1.0268959171259,1.02001616466687,0.994474258326477,0.960052377189028,0.958758704315752,0.959595095591403,0.953427813054829,0.954597842499943,1.02020722601446,0.965719956488612,0.962489209518172,0.945222899104287,0.964270030312245,0.965187251911445,0.973078189969671,0.991036373424267,0.995069267152792,0.993421432251605,0.990603136855606,0.987463415761262,0.997578543291599,1.02295898983655,1.02167577075411,0.999263057350447,1.02837943377862,1.01926608289873,1.00205347283269,1.01980215083797,1.02109195856434,1.04989996267938,0.981999950775706,0.984099957147436,0.997199928936762,1.01229995869548,1.04940005744473,1.06360003164904,1.0274999681713,1.02649999879455,1.02999998333974,0.999999977300768,0.999999978550788,0.99999997813771,0.999999977545827,0.99999997911087,0.999999978395919,0.999999978742376,0.999999976817483,0.99999997628668,0.999999976215821
3.8,8.2197607058112,0.436264415981204,1.02689596500594,1.02001623129402,0.994474327894453,0.96005244526204,0.958758772230655,0.959595163766342,0.953427879987134,0.95459790871845,1.0202072695132,0.965720024883153,0.962489278035973,0.945222966283001,0.964270098736444,0.965187321282808,0.973078263785741,0.991036449858591,0.995069342921466,0.993421505896307,0.990603217277919,0.987463497462727,0.997578617398769,1.02295906044035,1.02167584150966,0.999263133900263,1.02837949025866,1.01926616199297,1.00205354997344,1.01980224579925,1.02109205693563,1.04990001338443,0.982000016888811,0.984100023429486,0.997200007044146,1.01230004329389,1.04940012194963,1.06360009525031,1.02750002188789,1.02650010046315,1.02999999850664,0.999999972362606,0.999999971937245,0.999999970859217,0.999999966679205,0.999999965202904,0.999999967258031,0.999999966916797,0.999999971652894,0.999999966549627,0.999999985433379
4,8.21975920290664,0.436264130866786,1.02689606579737,1.02001635802899,0.994474465580119,0.960052590227171,0.958758922817539,0.959595315510349,0.953428029859015,0.95459805728496,1.02020736933611,0.965720173133825,0.962489427966718,0.945223112256906,0.964270246369647,0.965187468760816,0.973078414195089,0.991036602872841,0.99506949163821,0.99342165106793,0.990603378335712,0.98746366674044,0.997578764185423,1.02295919730862,1.0216759781439,0.999263286807357,1.0283795896749,1.01926630164122,1.00205369268475,1.0198024041818,1.0210922181569,1.04990010170616,0.98200016775538,0.984100161887844,0.997200156452905,1.01230022407836,1.0494002435105,1.06360020835547,1.02750011048951,1.026500260529,1.03000003186342,0.999999971516282,0.99999996725216,0.99999996672787,0.999999963230945,0.999999958394424,0.99999996356321,0.999999963187924,0.999999970009891,0.999999963458649,0.999999985769025
4.2,8.21975834663593,0.436263914286599,1.02689613996347,1.02001645430203,0.994474572342252,0.96005270420544,0.958759041284802,0.959595435054669,0.953428147288489,0.954598173427453,1.02020744554709,0.965720290357684,0.962489546313862,0.94522322759972,0.964270363144853,0.965187585341465,0.973078533638775,0.991036724711847,0.995069608597725,0.993421764612862,0.990603512336683,0.987463810658141,0.997578880316866,1.02295930569628,1.02167608675109,0.999263408269145,1.02837966706448,1.01926640878079,1.00205380342646,1.01980252341582,1.02109233911497,1.04990016838843,0.982000289511678,0.984100272238362,0.997200282044129,1.01230038134115,1.04940034007144,1.06360030189172,1.02750018054603,1.02650038028322,1.03000005682327,0.99999997202212,0.999999969770523,0.999999969947261,0.999999967934546,0.99999996555208,0.999999969215466,0.999999969490755,0.999999970930274,0.999999968899051,0.999999975293818
4.4,8.21975904973814,0.436264122872478,1.02689613004498,1.02001645001408,0.994474568222775,0.960052696531421,0.958759030378783,0.959595423895217,0.953428135371807,0.95459816127944,1.02020743487216,0.965720281671533,0.962489536691514,0.945223218893242,0.964270355018498,0.965187578627467,0.973078531979235,0.991036725345611,0.995069607790088,0.993421762408864,0.990603521293442,0.987463821127891,0.997578881470367,1.02295930882057,1.02167609082055,0.999263409016498,1.02837966962673,1.01926640948012,1.00205380347692,1.019802524275,1.0210923405741,1.04990016796217,0.982000278261743,0.984100266506623,0.997200295918895,1.01230039445162,1.04940034501588,1.06360031464408,1.02750018722287,1.02650038418643,1.03000005333007,0.999999970480732,0.999999973650746,0.999999973699824,0.999999974587012,0.999999977682319,0.999999975488812,0.999999975151184,0.999999971259441,0.9999999750106,0.999999961570877
4.6,8.21976061584571,0.436264605463692,1.02689605827877,1.02001636847887,0.994474478841258,0.960052597566917,0.958758923942419,0.959595316341463,0.95342802837174,0.954598054933796,1.02020736126312,0.96572017956356,0.962489432350388,0.945223118077002,0.964270253847802,0.965187478969499,0.973078435470939,0.991036629466641,0.995069514354988,0.993421669952863,0.990603423502504,0.98746371546703,0.997578791985136,1.02295922880272,1.02167601201242,0.999263314045022,1.02837961261063,1.01926632725051,1.00205371688495,1.01980243413462,1.02109225024953,1.04990011547966,0.982000168598438,0.984100174512591,0.997200212628982,1.01230027940181,1.04940027691297,1.06360025910656,1.02750014055275,1.02650029866752,1.03000002909082,0.99999996667559,0.999999969603413,0.999999969669224,0.999999974007334,0.999999978338003,0.99999997294249,0.999999972220955,0.9999999679547,0.999999972722332,0.999999954227768
4.8,8.21976154819384,0.436264872170325,1.02689600216964,1.02001630112917,0.994474405900021,0.960052520990249,0.958758844072619,0.959595235903772,0.953427948494341,0.954597975576877,1.02020730671591,0.965720101898232,0.962489353459687,0.945223041419898,0.964270176474204,0.965187401373385,0.973078355722811,0.991036548188152,0.995069435779085,0.993421593108177,0.990603335608076,0.987463620095786,0.997578715664867,1.02295915941153,1.02167594322,0.999263233400319,1.02837956219265,1.01926625625825,1.00205364302459,1.01980235557567,1.02109217097422,1.0499000704765,0.982000088685137,0.984100103396716,0.997200134509729,1.01230017458013,1.04940021657302,1.06360020627108,1.02750009585228,1.02650022168841,1.03000001065302,0.999999959960635,0.999999958620351,0.999999959143612,0.999999961602245,0.999999962811073,0.999999960931427,0.999999961208776,0.999999959855464,0.999999961169036,0.999999955792298
5,8.21976107405285,0.436264639413944,1.0268960145823,1.02001631100523,0.994474417223659,0.960052535645927,0.958758861315699,0.959595253356095,0.953427966389587,0.954597993560007,1.02020732051321,0.965720116662804,0.962489369228628,0.945223056334965,0.964270191109533,0.965187415656207,0.973078368071919,0.991036559753809,0.995069446651969,0.993421604291702,0.990603346517839,0.987463632193641,0.997578725765509,1.02295916739932,1.02167595085208,0.99926324463335,1.0283795652573,1.01926626190615,1.00205365092448,1.01980235927223,1.02109217363606,1.04990007487768,0.982000106107823,0.98410011292559,0.997200141593193,1.01230018759727,1.0494002221971,1.06360020904575,1.02750009537395,1.02650022132615,1.03000001505292,0.999999951259126,0.999999949821628,0.999999949964241,0.999999946371167,0.999999943937599,0.999999947565325,0.999999947925583,0.999999950722444,0.999999948288118,0.999999959894143
5.2,8.21975970634931,0.436264117303303,1.02689607310375,1.02001637327705,0.994474484281604,0.960052605438146,0.958758934473322,0.959595326661747,0.953428040654469,0.954598067928085,1.02020737541483,0.965720184912018,0.962489439565689,0.945223124439232,0.964270259603533,0.965187485745001,0.973078442204022,0.991036636030198,0.995069519212646,0.99342167527576,0.990603428982638,0.987463722580617,0.997578797705021,1.02295923211458,1.02167601480873,0.999263320521503,1.02837960592073,1.01926632162466,1.00205371591215,1.01980242192262,1.02109223538484,1.04990011325307,0.982000172927207,0.984100167951921,0.997200212420721,1.01230028727474,1.04940027707178,1.06360025416642,1.02750012757677,1.02650027716797,1.03000003403028,0.999999946280212,0.999999947549981,0.999999946836828,0.999999941700591,0.999999937907763,0.999999942118064,0.999999941656065,0.999999946527498,0.999999943191809,0.999999958307816
5.4,8.21975873905732,0.436263762212271,1.02689610770232,1.02001640878971,0.994474522236222,0.960052642879384,0.958758972595759,0.959595364548279,0.953428079625029,0.954598107196571,1.02020740584764,0.965720220000395,0.962489475853903,0.945223159715769,0.964270295227724,0.965187523428349,0.973078485165947,0.991036681441232,0.995069561779875,0.993421716419394,0.990603478790477,0.987463777779471,0.997578841795569,1.02295927256461,1.02167605495818,0.999263366194301,1.02837962828389,1.01926635599131,1.00205375368929,1.01980245792278,1.02109227070639,1.04990013377629,0.982000203069727,0.984100193879328,0.99720025569406,1.01230034888641,1.04940031154449,1.06360028289982,1.02750014493863,1.02650030844747,1.03000004493453,0.999999948194253,0.999999948944591,0.999999948731281,0.999999948195019,0.999999947236985,0.999999947250657,0.999999947162617,0.999999948448502,0.999999948029343,0.999999949511672
5.6,8.21975918890315,0.436263817841338,1.02689607298735,1.02001636505106,0.99447447567729,0.960052594614528,0.958758922576198,0.959595314136477,0.953428029829561,0.954598057827635,1.02020737254956,0.965720170556864,0.962489425919906,0.945223111123731,0.964270246107856,0.965187474514249,0.973078435591647,0.991036631179701,0.995069512284578,0.993421667818333,0.990603426336695,0.987463722064413,0.997578794335487,1.02295922904738,1.02167601202395,0.999263316276891,1.02837959383656,1.01926630825598,1.00205370550659,1.01980240315898,1.02109221473222,1.04990010197365,0.982000152428297,0.98410014654129,0.997200208464928,1.01230028895028,1.04940027288597,1.06360025019644,1.02750011401792,1.02650025228838,1.03000003361826,0.99999995147783,0.999999951004234,0.999999951997217,0.999999955721633,0.999999959114146,0.999999955737699,0.999999956053283,0.999999951703476,0.999999955849059,0.999999940145526
5.8,8.21976069432884,0.436264110403885,1.026895992815,1.02001626693313,0.99447437043028,0.960052485812018,0.958758810108635,0.959595201018126,0.95342791750285,0.954597946224711,1.02020729587712,0.965720060489102,0.962489314400275,0.945223002574656,0.9642701363519,0.965187364184139,0.973078321530697,0.991036514623731,0.995069398679837,0.993421556823728,0.990603304249999,0.987463591831319,0.997578682750079,1.0229591259017,1.0216759098251,0.999263199910005,1.02837951915837,1.01926620133237,1.00205359633999,1.01980228110015,1.02109209054269,1.04990003461562,0.982000042538429,0.984100045008772,0.997200098244969,1.01230014810996,1.0494001817517,1.06360017074988,1.02750004817903,1.02650012972737,1.0300000074973,0.999999950228938,0.999999951952489,0.9999999526665,0.999999956367514,0.999999959990396,0.999999956641418,0.999999956279,0.99999995138168,0.999999956933298,0.999999938161915
6,8.21976161224116,0.436264253120774,1.02689593631717,1.02001619402533,0.994474290836531,0.960052400757233,0.958758721126519,0.959595111130572,0.953427829190515,0.954597858876376,1.02020723837608,0.965719972463716,0.962489225498837,0.945222916093406,0.964270048964186,0.965187277651906,0.97307823504929,0.991036427352383,0.995069313340132,0.993421473317022,0.990603212129879,0.987463494632401,0.997578600041002,1.02295904944335,1.0216758336106,0.999263113093295,1.02837946126722,1.01926611980663,1.00205351367029,1.01980218767851,1.02109199520566,1.04989998408365,0.981999949723584,0.984099960844054,0.997200013153713,1.01230004373813,1.04940011409145,1.06360010776474,1.02749999562996,1.02650003464501,1.02999998856707,0.999999946510104,0.999999949326999,0.999999948888079,0.999999949276094,0.99999994948727,0.999999948187558,0.999999947979399,0.999999947504552,0.99999994911225,0.999999944824168
6.2,8.21976082904343,0.436264032338087,1.0268959491383,1.02001620263411,0.99447429865383,0.960052406834421,0.958758727140604,0.95959511673654,0.953427836231193,0.95459786646919,1.02020724743864,0.965719975971806,0.962489229862569,0.945222920180299,0.964270052933431,0.96518728310227,0.973078243055861,0.991036436331005,0.995069321916572,0.993421481791077,0.990603218628921,0.987463502171832,0.997578609533558,1.02295905779093,1.021675841252,0.999263122398361,1.02837946216171,1.01926612557889,1.00205352064797,1.01980219426882,1.02109200135248,1.04989998707399,0.9819999484059,0.984099957888299,0.997200015146028,1.01230005185936,1.04940012063488,1.06360010837857,1.02749999286002,1.02650003832251,1.02999999229844,0.999999945039176,0.999999944336913,0.999999943923095,0.99999994094677,0.999999938813963,0.999999940392197,0.999999941015138,0.999999944390923,0.999999940841355,0.999999953559845
6.4,8.2197592092577,0.436263609145385,1.02689600773967,1.02001626761508,0.994474368925803,0.960052482254614,0.958758807332648,0.959595197444107,0.953427917205263,0.954597947230257,1.02020730505292,0.965720051699844,0.962489307623751,0.945222995365551,0.964270128436611,0.96518735877648,0.973078318949109,0.991036512834861,0.995069396430515,0.993421555175656,0.990603296220688,0.987463584689919,0.997578681849064,1.02295912321424,1.02167590590345,0.999263198514441,1.02837950601423,1.01926619217668,1.00205359030002,1.01980226916874,1.0210920766958,1.04990002734383,0.982000026449719,0.984100022156225,0.997200081609554,1.01230014028658,1.04940017666111,1.06360015543035,1.02750002782682,1.02650010968287,1.03000001170912,0.999999946790918,0.999999943886004,0.999999944102029,0.999999941086956,0.99999993861214,0.999999942005537,0.999999942167975,0.999999945856559,0.999999941779401,0.99999995660805
6.6,8.2197585394898,0.436263360916713,1.02689604452625,1.02001630930755,0.994474415347728,0.96005253348095,0.958758862125049,0.959595252756212,0.95342797224288,0.954598001936574,1.02020734288318,0.965720104113992,0.962489361218479,0.945223047228509,0.964270180563321,0.965187410567554,0.973078370372892,0.991036564523475,0.995069446006408,0.993421603821254,0.990603351315296,0.987463644232186,0.997578730432616,1.02295916745971,1.02167594999767,0.999263249862559,1.02837953594732,1.01926623470742,1.00205363565444,1.01980231472384,1.02109212213458,1.04990005321468,0.982000082248324,0.984100068306612,0.997200130384745,1.01230020539107,1.04940021494396,1.06360018988582,1.0275000529667,1.02650015249165,1.03000002414972,0.999999951103662,0.999999951223171,0.999999951212064,0.999999951045281,0.999999949857998,0.999999951145719,0.999999950722223,0.999999951498383,0.999999951618837,0.999999952674729
6.8,8.21975934096627,0.436263513705041,1.02689601842794,1.02001627878031,0.994474382856134,0.96005249765928,0.958758823365432,0.959595213537778,0.95342793330761,0.954597963273701,1.02020731627998,0.965720067051116,0.962489323300108,0.945223010666591,0.964270143951169,0.965187374827448,0.973078337084138,0.991036532031518,0.995069413155698,0.993421570913383,0.99060331981035,0.98746361184285,0.997578700895586,1.02295914180892,1.02167592469871,0.999263217923093,1.02837951459895,1.01926620278467,1.00205360352996,1.0198022772747,1.02109208402437,1.04990003244322,0.982000041309271,0.984100034611547,0.997200103398944,1.01230017191344,1.04940019396369,1.06360017285404,1.02750003565154,1.02650011547647,1.03000001536847,0.999999956690155,0.999999959403464,0.999999959151037,0.999999961263303,0.999999963295307,0.999999960299592,0.999999960456393,0.999999957440899,0.999999961073111,0.999999947910679
7,8.21976052590383,0.436263907792759,1.02689595624669,1.02001620691792,0.994474304452351,0.960052411951178,0.958758731813902,0.959595121072729,0.953427841437793,0.954597872006533,1.02020725338583,0.965719978831782,0.962489233321649,0.945222923604943,0.964270056456391,0.965187288393927,0.973078252465676,0.991036447522819,0.995069330944954,0.993421489705726,0.990603231271999,0.987463516691727,0.997578622105198,1.02295907109446,1.02167585450808,0.999263134172444,1.02837946254138,1.01926612990045,1.00205352701442,1.01980219807122,1.0210920047056,1.04989998472885,0.981999947305251,0.984099954520679,0.997200025121378,1.01230006852179,1.04940013387629,1.0636001210304,1.02749999151279,1.02650004013024,1.02999999452654,0.99999995973777,0.999999960630478,0.999999960961755,0.999999963609929,0.999999967264298,0.999999963396256,0.999999963683845,0.999999959809254,0.999999962710891,0.999999949311509
7.2,8.21976092731352,0.436264148003292,1.0268959222332,1.0200161674407,0.994474261342711,0.960052366878924,0.958758685068769,0.959595074091182,0.953427794558363,0.954597825339119,1.02020722074141,0.965719933388747,0.962489187163801,0.94522287869726,0.964270011070276,0.965187242515363,0.973078204086362,0.991036397727015,0.99506928390166,0.993421443895978,0.990603175905217,0.987463455782541,0.997578574659449,1.02295902769751,1.02167581132675,0.999263084470449,1.02837943352941,1.01926609100087,1.00205348478895,1.01980215842347,1.02109196560729,1.04989995840798,0.98199990240857,0.984099913443558,0.997199975179294,1.01230000064326,1.04940009651506,1.06360008791119,1.02749996580044,1.02650000389378,1.02999998341546,0.999999958092261,0.999999956900066,0.999999957309057,0.99999995873206,0.999999959392608,0.999999958834315,0.999999958637439,0.999999958025626,0.999999957689912,0.999999957410147
7.4,8.21976032770864,0.436264017642635,1.02689595084054,1.02001620000586,0.994474296738691,0.960052406171941,0.958758727509,0.959595117004904,0.953427837214055,0.954597867717221,1.0202072500048,0.965719974151462,0.962489228805655,0.945222918905179,0.964270051391189,0.965187281963972,0.973078241346844,0.991036434362226,0.995069320266958,0.993421480079272,0.990603210950066,0.987463492441904,0.997578609402241,1.02295905952888,1.02167584254811,0.999263120896248,1.02837945708576,1.01926612507642,1.00205351965291,1.0198021972654,1.02109200501555,1.04989997974866,0.981999946248912,0.984099950329642,0.997200005239194,1.012300039214,1.04940012486653,1.0636001106235,1.02749998513629,1.02650004234318,1.02999999306558,0.999999955943953,0.999999955277457,0.999999954742387,0.9999999526476,0.999999949772857,0.999999952244319,0.999999952419967,0.999999955792227,0.999999952779066,0.99999996581233
7.6,8.21975925469582,0.436263706602004,1.0268960136099,1.02001627352445,0.994474376289916,0.960052489215709,0.958758813836222,0.959595203772467,0.953427923806998,0.954597953920226,1.02020731031395,0.965720057758311,0.962489313840911,0.945223001569278,0.964270134865807,0.965187366131571,0.973078328752001,0.99103652380028,0.995069406421784,0.993421564198044,0.990603304318246,0.987463592351266,0.997578695628377,1.02295913962399,1.02167592161019,0.999263210345044,1.02837951102325,1.01926620204452,1.00205360014709,1.01980228233682,1.02109209078375,1.04990002822245,0.982000029058292,0.98410002517274,0.997200088081282,1.01230014737268,1.04940019624668,1.06360017140862,1.02750003168841,1.02650012535256,1.0300000135887,0.999999958171344,0.999999957931689,0.99999995712844,0.999999952757601,0.999999950034522,0.999999952863323,0.999999953356204,0.999999957442397,0.999999953835528,0.999999967843133
7.8,8.2197585938246,0.436263587625919,1.02689605067692,1.02001631995391,0.99447442671387,0.960052540249222,0.958758865602354,0.959595255689214,0.953427975371753,0.954598005165223,1.02020734543231,0.965720108473835,0.962489365161639,0.94522305171724,0.964270185771067,0.965187418226124,0.973078385308093,0.991036582716825,0.995069462876887,0.993421618645696,0.990603368463884,0.98746366113741,0.997578752564618,1.02295919307024,1.02167597470693,0.999263269312667,1.02837954676032,1.01926625425955,1.00205365387385,1.01980234200214,1.02109215156664,1.04990005902019,0.982000078071628,0.9841000709802,0.997200146658125,1.01230022229436,1.04940024439308,1.06360021494912,1.02750006360781,1.02650018562666,1.03000002560579,0.99999996313047,0.999999962319908,0.999999962428665,0.999999961445751,0.999999961012119,0.999999961987408,0.999999961851032,0.999999962568773,0.999999961286317,0.999999963193633
8,8.21975907406277,0.436263813864639,1.02689603058096,1.02001630060476,0.994474406569892,0.960052519220904,0.958758843185092,0.959595233268805,0.953427952276976,0.954597981889754,1.02020732721745,0.965720088008116,0.962489343884439,0.945223031241378,0.964270165307503,0.965187397391742,0.973078363868038,0.991036560972151,0.995069442069755,0.99342159788945,0.990603347211454,0.987463638296013,0.997578731895848,1.02295917502606,1.02167595716455,0.999263247598401,1.02837953600058,1.01926623878638,1.0020536361675,1.01980232723037,1.02109213757117,1.04990004687206,0.982000058823637,0.984100055140935,0.997200130123054,1.01230019784766,1.04940023000345,1.0636002054833,1.02750005617387,1.02650017443807,1.03000001917745,0.999999966097463,0.999999966093998,0.999999966649546,0.999999970577817,0.999999972503746,0.999999970300508,0.999999970065262,0.999999966569943,0.999999969219464,0.999999957869378
8.2,8.21976034498769,0.436264185581075,1.02689597904677,1.02001624232781,0.994474343948197,0.960052454304052,0.95875877556845,0.959595165423422,0.953427884087476,0.954597913816191,1.02020727836022,0.96572002384478,0.962489278165202,0.945222967477188,0.964270101043495,0.965187331984085,0.973078295123215,0.991036490369149,0.995069374148321,0.993421531534808,0.990603271665555,0.987463556324843,0.997578665262706,1.02295911498858,1.02167589755014,0.999263177309969,1.02837949591557,1.01926617926577,1.00205357335031,1.01980226150621,1.02109207167841,1.04990000931332,0.981999995203568,0.984100000701828,0.997200064195092,1.01230010808741,1.04940017936689,1.06360016205141,1.02750002340238,1.02650011221228,1.0300000024115,0.999999965776964,0.999999967246307,0.999999967264654,0.999999970539569,0.999999973606075,0.999999969886352,0.999999970191083,0.999999966490847,0.999999970172106,0.999999957942741
8.4,8.21976099861289,0.436264372868774,1.02689595186932,1.02001621037951,0.994474308833251,0.960052416405771,0.958758735446556,0.95959512495828,0.953427843887792,0.954597873880214,1.02020725091291,0.965719985395467,0.962489238895102,0.94522292941749,0.964270062729797,0.965187293691498,0.97307825654372,0.99103645134469,0.995069336446967,0.993421494620303,0.990603228375971,0.987463508553352,0.997578629244878,1.02295908283993,1.02167586517421,0.99926313869984,1.0283794725726,1.01926614542419,1.00205353801244,1.01980222403204,1.02109203402153,1.04989998875135,0.981999954362723,0.984099966808942,0.997200025187892,1.01230005472349,1.04940015272292,1.06360013640916,1.02750000357376,1.02650007634495,1.02999999330834,0.999999963645974,0.99999996427235,0.999999963971883,0.999999963018917,0.999999963724587,0.99999996294283,0.999999963095946,0.999999963487735,0.999999963381457,0.999999963609211
8.6,8.21976024444555,0.436264231910528,1.0268959792206,1.02001624228482,0.994474342819381,0.960052451070274,0.958758771235344,0.959595160843611,0.953427879890795,0.954597909799777,1.02020727652437,0.965720019585384,0.962489273818931,0.945222963353894,0.964270096985294,0.965187328617706,0.973078293444998,0.991036489323128,0.995069373460473,0.993421530722365,0.990603267503376,0.987463550522385,0.997578665546812,1.02295911605056,1.02167589772178,0.999263176586278,1.02837949501591,1.01926617997993,1.00205357340955,1.01980226433562,1.02109207506002,1.04990000973111,0.981999987861998,0.984099996309721,0.997200058927558,1.01230010005906,1.04940018195977,1.06360015926469,1.02750002179702,1.02650011644671,1.03000000214968,0.999999961261836,0.999999959738995,0.999999959618518,0.999999956921807,0.999999953816728,0.999999957113465,0.999999957050777,0.999999960522338,0.999999956577832,0.999999969240794
8.8,8.21975900338935,0.436263932964443,1.02689603507281,1.02001630829968,0.994474414566644,0.960052527829436,0.958758852214458,0.959595242485181,0.953427961017296,0.954597990407265,1.02020733203553,0.965720097804656,0.962489353487524,0.945223040610269,0.964270174802219,0.965187406159715,0.973078371183978,0.991036567771628,0.995069449931143,0.993421605797865,0.990603349862642,0.987463639391214,0.997578739436527,1.02295918334655,1.02167596430808,0.999263254494016,1.02837954354003,1.01926625039029,1.00205364604322,1.01980234381359,1.02109215546998,1.04990005311388,0.98200006933336,0.984100066896629,0.997200131937162,1.01230019702871,1.04940024069399,1.06360020972707,1.02750006319528,1.02650019441427,1.03000002070852,0.999999960675074,0.999999959111732,0.999999958970107,0.99999995725769,0.99999995446584,0.999999957459779,0.999999957748839,0.999999960266656,0.999999957200095,0.999999969147552
9,8.21975866796954,0.436263793284827,1.02689606366098,1.02001634262506,0.994474452413843,0.96005256933238,0.958758896307704,0.959595287065245,0.953428005030273,0.954598034021002,1.02020736135399,0.965720141136921,0.962489397381442,0.945223083190369,0.964270217706569,0.965187448328521,0.97307841247687,0.991036609060523,0.995069489874725,0.993421645118485,0.990603393032705,0.987463684976242,0.997578778677671,1.02295921965752,1.02167600026251,0.999263295576533,1.02837956990841,1.01926628588026,1.00205368327126,1.01980238188611,1.02109219364118,1.04990007588516,0.982000115053396,0.984100107996267,0.99720017120473,1.01230024595543,1.04940027314665,1.06360023845808,1.02750008712879,1.02650023118339,1.03000003034171,0.999999963136282,0.999999963420092,0.99999996324102,0.999999963140297,0.999999963923688,0.999999963278137,0.999999963408344,0.99999996328046,0.999999963944459,0.999999963343102
9.2,8.21975942363536,0.436263958784695,1.0268960375098,1.02001631319601,0.994474420973326,0.960052535619554,0.958758860352902,0.959595250845827,0.953427968762913,0.954597997878343,1.02020733572619,0.965720107160273,0.962489362498225,0.945223049488056,0.964270183888132,0.965187414623909,0.973078379343746,0.991036575930076,0.995069457094132,0.993421612651656,0.990603359113606,0.987463648115113,0.997578748049254,1.02295919249109,1.02167597333948,0.999263262836012,1.02837954962091,1.01926625517358,1.00205365183796,1.01980234648347,1.02109215777823,1.0499000567349,0.982000079477528,0.984100078921712,0.997200142239301,1.01230020569267,1.04940025044316,1.06360021899166,1.02750007101462,1.02650019668224,1.03000002169263,0.999999966048528,0.999999967264069,0.999999967470888,0.999999969360161,0.999999971577598,0.999999969023555,0.99999996871856,0.999999966398869,0.999999969276144,0.999999957545296
9.4,8.21976038009263,0.436264252521566,1.02689598538823,1.02001625314716,0.994474355929276,0.960052465770869,0.95875878640602,0.959595176315424,0.95342789448707,0.954597923992644,1.02020728424865,0.965720035907312,0.962489289848084,0.945222979097423,0.964270113048193,0.965187344145715,0.97307830908692,0.991036505226695,0.995069388373762,0.993421544955309,0.990603286293385,0.987463571133805,0.99757868104805,1.02295913129992,1.02167591261538,0.999263192446287,1.02837950617763,1.01926619375099,1.00205358760253,1.01980227903259,1.02109208998381,1.04990001724452,0.982000006021075,0.984100014962953,0.997200077729245,1.01230012335831,1.04940019737992,1.06360017237924,1.02750003386932,1.02650013168416,1.03000000441781,0.999999965365931,0.999999966018484,0.999999966433247,0.999999969120757,0.999999970471046,0.999999968755156,0.999999968814619,0.999999965672504,0.999999968079785,0.999999957314019
9.6,8.2197606970953,0.436264361815198,1.02689596059931,1.02001622315769,0.994474323100922,0.960052431854437,0.958758751573028,0.959595141334185,0.953427859687389,0.954597889390568,1.02020726036826,0.96572000196394,0.962489255416866,0.945222945528074,0.964270079048712,0.965187309556199,0.973078272082581,0.991036466900883,0.995069351945934,0.993421509705122,0.990603244960242,0.987463527151251,0.997578643798299,1.02295909638732,1.02167587768006,0.999263153939419,1.02837948340953,1.01926616177678,1.00205355389413,1.01980224416888,1.02109205487256,1.04989999736269,0.981999972636485,0.984099984472544,0.997200039759795,1.01230007577336,1.04940016657662,1.06360014372707,1.02750001364923,1.02650009755923,1.02999999631547,0.999999961526361,0.999999961397009,0.999999961384858,0.999999961948081,0.999999962382072,0.999999962132264,0.999999962476318,0.999999961669943,0.99999996185272,0.999999962389416
9.8,8.21976014111558,0.43626416643138,1.02689598584599,1.02001625008654,0.99447435194099,0.960052464033336,0.958758786650955,0.959595176779919,0.953427895203831,0.954597924788846,1.02020728560769,0.965720035351455,0.962489289649575,0.945222978484911,0.964270111998078,0.965187341682463,0.97307830200203,0.991036496066859,0.995069380823474,0.993421538758101,0.990603272163193,0.987463554873469,0.997578671145919,1.02295912072425,1.02167590135113,0.999263182857106,1.0283795012845,1.01926618689226,1.00205358050275,1.01980227101838,1.02109208150988,1.04990001478589,0.982000008053518,0.984100014408746,0.997200062270876,1.01230010405996,1.04940018736522,1.06360015860148,1.02750002799132,1.02650012206872,1.03000000474985,0.999999959040035,0.999999958366244,0.999999957982624,0.999999955685749,0.999999954414551,0.99999995568707,0.999999955634078,0.999999958810543,0.999999956416464,0.999999967185904
10,8.21975917029699,0.436263856619337,1.02689603262415,1.02001630345054,0.994474409781226,0.960052525377341,0.958758851176983,0.959595241712074,0.953427960113986,0.954597989442979,1.02020733115502,0.965720097258904,0.962489352848357,0.945223039756454,0.964270173700754,0.965187403614497,0.973078365256418,0.991036560321468,0.995069442802721,0.993421599541614,0.990603338564293,0.987463625798075,0.997578732627733,1.02295917695271,1.02167595687157,0.999263247048582,1.02837953903465,1.01926624117032,1.00205363780273,1.01980233025816,1.02109214084259,1.04990004948527,0.982000071032524,0.984100069174587,0.997200120544169,1.01230018062485,1.04940023615965,1.0636001989024,1.02750005962495,1.02650017829174,1.03000002015012,0.999999960195022,0.999999959366813,0.999999959175172,0.999999956581319,0.999999953896456,0.999999956310719,0.999999956277053,0.999999959674211,0.999999956869761,0.999999966733343
10.2,8.21975872947299,0.436263727404564,1.02689605236222,1.0200163274687,0.994474436140856,0.960052552439848,0.958758878891632,0.959595269531233,0.953427987795666,0.954598016970776,1.02020735015462,0.96572012406567,0.962489380103216,0.945223066331869,0.964270200619584,0.965187431191432,0.973078395179553,0.991036591476636,0.995069472359348,0.993421628045885,0.990603374303263,0.987463665918078,0.99757876203112,1.02295920378863,1.02167598360317,0.9992632780314,1.02837955687696,1.01926626725379,1.00205366524825,1.01980235905373,1.02109216980254,1.04990006500655,0.982000097793333,0.984100092756143,0.997200152751872,1.0123002261672,1.04940025936794,1.06360021994321,1.02750007519676,1.02650020603506,1.03000002660282,0.999999962917611,0.999999962827645,0.999999962949291,0.999999962814971,0.999999962104145,0.999999963250072,0.999999963492847,0.999999962790304,0.999999962898117,0.999999961651085
10.4,8.21975935427715,0.436263877787495,1.02689602512199,1.0200162965398,0.99447440300374,0.960052517671473,0.958758842386764,0.959595232838626,0.953427951006643,0.954597980282658,1.02020732402493,0.965720089282077,0.962489344514353,0.945223031844656,0.964270165906481,0.965187396229509,0.97307835943555,0.991036555163674,0.995069436972412,0.993421593290509,0.990603338635339,0.987463628536079,0.997578726750647,1.02295917118904,1.0216759514743,0.999263241574076,1.02837953524513,1.0192662351588,1.00205363192927,1.01980232274066,1.02109213308602,1.04990004469256,0.982000062736566,0.984100062593265,0.997200121860565,1.01230018669757,1.0494002308285,1.06360019674472,1.02750005763153,1.0265001705831,1.0300000176965,0.999999964547947,0.999999965485039,0.999999965701777,0.999999968350512,0.99999997095379,0.999999968698003,0.999999968575698,0.999999965159819,0.999999968393871,0.999999957221903
10.6,8.21976038782474,0.436264125245163,1.02689597831154,1.02001624108967,0.994474343032463,0.96005245533506,0.958758777676351,0.95959516781101,0.953427886136595,0.95459791571554,1.0202072789537,0.965720027003479,0.962489281047327,0.945222970152386,0.964270103614559,0.965187333150679,0.973078293520837,0.991036487542072,0.995069371664699,0.993421529646518,0.990603265927175,0.987463549453463,0.997578662679218,1.02295911258668,1.02167589328584,0.999263174263953,1.02837949479906,1.01926617569403,1.00205357028183,1.01980225559747,1.02109206513791,1.0499000083182,0.982000000169272,0.984100007816518,0.997200057315643,1.01230009973735,1.04940017987701,1.06360015160782,1.02750002322065,1.02650010463638,1.03000000237786,0.999999964269067,0.99999996515671,0.999999965359108,0.999999968090251,0.999999970652376,0.999999967204675,0.999999966950762,0.999999964839589,0.999999967581086,0.999999957943923
10.8,8.2197606600547,0.43626420348907,1.02689595830505,1.02001621627687,0.994474315750052,0.960052426593649,0.958758747880245,0.959595137802776,0.95342785646869,0.954597886293605,1.02020725912334,0.965719997731378,0.962489251425963,0.945222941294391,0.964270074409628,0.965187303828434,0.973078263127824,0.9910364564159,0.995069341815015,0.993421500644665,0.990603230528793,0.987463510798421,0.997578633710437,1.02295908608352,1.02167586669045,0.999263143463271,1.02837947541057,1.01926614862288,1.00205354215645,1.01980222566443,1.02109203487251,1.04989999184541,0.981999970531864,0.984099980781381,0.997200024751021,1.01230005686544,1.04940015670394,1.06360012899994,1.02750000563037,1.02650007497757,1.02999999574817,0.999999962439922,0.999999962327736,0.999999962345727,0.999999961992736,0.999999961616035,0.999999961472093,0.999999961747915,0.999999962240254,0.99999996162547,0.999999963141403
11,8.21975991680393,0.436264025880021,1.0268959836423,1.02001624485751,0.994474346131344,0.960052458093491,0.958758780842707,0.959595170890359,0.953427889748652,0.954597919525476,1.02020728305743,0.965720028871872,0.962489283376822,0.94522297224935,0.964270105560413,0.965187335414987,0.973078295785271,0.991036489732186,0.995069374322673,0.99342153256133,0.990603265703652,0.987463549357565,0.997578664725483,1.0229591136776,1.02167589384697,0.999263176438552,1.02837949478594,1.01926617824244,1.00205357285645,1.01980225944223,1.02109206897042,1.04990001035457,0.982000001753456,0.984100007057009,0.997200054616654,1.01230009935287,1.04940017999347,1.06360014788014,1.02750002109828,1.02650010749731,1.03000000398024,0.999999960624087,0.999999959847311,0.999999959553885,0.999999956727489,0.999999954306007,0.99999995765764,0.999999957900305,0.999999960117968,0.999999957269,0.999999967781786
11.2,8.21975903095178,0.436263762070696,1.02689602700974,1.02001629507111,0.994474400531816,0.960052515852529,0.958758841571402,0.959595232027266,0.95342795073217,0.954597980214887,1.02020732545578,0.965720087363998,0.962489343006959,0.945223030089758,0.964270163837117,0.965187393771002,0.973078355030076,0.991036549803169,0.995069432463678,0.993421589604229,0.990603330178113,0.987463619231986,0.997578720883504,1.0229591643702,1.02167594413719,0.999263235990084,1.02837953102356,1.01926623014376,1.00205362717195,1.01980231662816,1.02109212644259,1.04990004326571,0.982000061325946,0.984100059168013,0.997200111619083,1.01230017590624,1.04940022353615,1.06360018575336,1.02750005193244,1.02650016245399,1.03000001828655,0.999999961212006,0.999999960531517,0.999999960261499,0.999999958520375,0.999999956666795,0.999999958932462,0.999999958712978,0.999999961051182,0.999999959086168,0.999999967551731
11.4,8.21975887316492,0.43626366914363,1.02689604395242,1.0200163153018,0.994474423038953,0.960052540456951,0.958758867605088,0.959595258323328,0.953427976726862,0.954598005987818,1.02020734284491,0.965720112861221,0.962489368860197,0.945223055188786,0.964270189147567,0.965187418828818,0.973078380086098,0.991036575078491,0.99506945659661,0.993421613230303,0.990603356641815,0.987463647169529,0.997578745408092,1.02295918732021,1.02167596700235,0.999263261358049,1.02837954656514,1.0192662508022,1.00205364922128,1.01980233818164,1.02109214789912,1.04990005667493,0.982000088054113,0.984100082966732,0.997200136087909,1.01230020594376,1.04940024390305,1.06360020407631,1.02750006595177,1.02650018286795,1.03000002399921,0.999999964349616,0.999999964245506,0.999999964370457,0.999999965122106,0.999999965585501,0.999999964360916,0.999999964320606,0.99999996442801,0.999999965004198,0.999999963152123
11.6,8.21975947216397,0.436263834966217,1.02689601819946,1.02001628650116,0.994474392132448,0.960052507567497,0.958758832795266,0.959595223294485,0.953427941615309,0.954597970979048,1.02020731792316,0.965720079631611,0.962489334869626,0.945223022287428,0.964270156069022,0.965187385772707,0.973078346967044,0.991036541706108,0.995069424027144,0.993421581094273,0.99060332172092,0.987463609301088,0.997578714421464,1.02295915967429,1.02167593974203,0.999263228347457,1.02837952658556,1.01926622157212,1.00205361870849,1.01980230565215,1.02109211519023,1.04990003792546,0.982000054409592,0.984100053871566,0.99720010610079,1.01230016462355,1.0494002203584,1.0636001849011,1.027500049704,1.02650015172757,1.03000001553459,0.999999966815987,0.999999967536233,0.999999967823249,0.999999969645256,0.99999997175862,0.999999969579893,0.999999969735818,0.99999996699671,0.999999969318822,0.999999959490736
11.8,8.21976021481084,0.436264083301931,1.02689597718688,1.02001623934961,0.994474340720319,0.960052452229055,0.95875877422059,0.959595164253761,0.953427882787071,0.954597912464198,1.02020727719815,0.965720023209517,0.962489277335778,0.945222966535675,0.96427009995384,0.965187329860265,0.97307829086809,0.991036485104555,0.995069369332582,0.993421527340332,0.990603263826155,0.987463547865347,0.997578660109602,1.02295910968162,1.02167589030547,0.999263171769767,1.02837949257889,1.01926617352093,1.00205356805533,1.01980225342898,1.0210920628586,1.04990000712522,0.981999996045203,0.984100003237748,0.997200054849516,1.01230009867685,1.04940017658744,1.06360014783434,1.02750002082127,1.02650010188072,1.03000000190574,0.999999966128516,0.999999967108755,0.999999967171768,0.999999968695821,0.999999970045618,0.999999969238723,0.999999969080088,0.999999966480123,0.999999968404729,0.999999960593307
12,8.21976043981296,0.436264156227196,1.02689596298401,1.02001622195178,0.994474321501284,0.960052431821603,0.958758752939981,0.959595142806074,0.953427861565547,0.954597891412695,1.02020726295664,0.965720002472033,0.962489256288752,0.945222946064549,0.96427007927093,0.965187309083497,0.973078269334236,0.991036463069233,0.995069348272705,0.993421506873506,0.990603240578651,0.987463523372451,0.997578638698315,1.02295908960136,1.02167587027629,0.999263149654568,1.02837947935724,1.01926615489143,1.00205354848265,1.01980223304786,1.02109204234471,1.04989999581371,0.981999974458744,0.984099984255551,0.997200033543266,1.01230007241207,1.04940015877711,1.06360013132547,1.02750000894193,1.0265000820387,1.02999999717625,0.999999963753139,0.999999963723542,0.999999963621313,0.999999963730073,0.99999996327715,0.999999963368683,0.999999963292856,0.999999963869443,0.999999963566427,0.99999996551162
12.2,8.21975991053693,0.436263988434301,1.02689598942979,1.02001625158316,0.994474353513439,0.960052466488018,0.958758789930577,0.959595180096049,0.953427898846236,0.954597928542203,1.02020728914078,0.965720037778551,0.962489292417505,0.945222980994641,0.964270114346695,0.965187343921092,0.97307830368762,0.991036497455575,0.995069381780813,0.993421540017957,0.99060327399795,0.987463558216011,0.997578671915411,1.02295912013407,1.02167590026904,0.999263184091707,1.02837950002635,1.01926618439357,1.00205357954347,1.01980226527571,1.02109207463053,1.04990001526514,0.982000011227695,0.98410001541424,0.997200062434509,1.01230010902291,1.04940018548427,1.06360015265187,1.02750002590465,1.0265001126456,1.03000000596098,0.999999962619183,0.999999961477383,0.999999961351593,0.999999959398985,0.999999958048089,0.99999995896515,0.99999995925005,0.999999962151752,0.99999995970646,0.99999996943173
12.4,8.21975908395276,0.436263766401935,1.02689602912479,1.02001629805811,0.994474403850295,0.960052519845676,0.958758845980365,0.959595236531316,0.953427955081204,0.954597984482831,1.02020732806577,0.965720091730407,0.962489347426151,0.945223034356518,0.964270168115421,0.965187397812939,0.973078358501751,0.991036553075332,0.995069435715472,0.993421592889043,0.990603331618077,0.98746361929569,0.997578724942702,1.02295916875695,1.02167594849143,0.999263239575184,1.02837953370699,1.01926623305479,1.00205363020128,1.01980231954267,1.02109212936618,1.04990004577097,0.982000066648329,0.984100063476368,0.997200113578004,1.012300174565,1.04940022777389,1.06360018957371,1.02750005464583,1.02650016541469,1.03000001906561,0.999999963682374,0.99999996294938,0.999999962766289,0.999999960607564,0.999999959150876,0.999999961222524,0.999999961253917,0.999999963213958,0.999999960977236,0.999999968681927
12.6,8.2197588192164,0.43626371902338,1.02689604227874,1.0200163148922,0.994474422173338,0.960052538345637,0.95875886468339,0.959595255295978,0.953427973655476,0.9545980029171,1.02020734053599,0.965720110166728,0.962489366040704,0.945223052567894,0.964270186624416,0.965187416738816,0.973078379058102,0.991036574511391,0.995069456270083,0.993421612683818,0.990603357105197,0.987463647783912,0.997578744712675,1.02295918670855,1.02167596662006,0.999263260748268,1.02837954702883,1.01926625241553,1.00205364997439,1.01980234173297,1.02109215197551,1.0499000569818,0.982000084517727,0.984100080290976,0.997200137183217,1.01230020687236,1.04940024322476,1.06360020516058,1.02750006677823,1.02650018780753,1.03000002332617,0.999999965916163,0.999999966405857,0.999999966336927,0.999999966613088,0.999999966127348,0.999999967059371,0.999999966811572,0.999999966069029,0.999999966474589,0.999999964381271
12.8,8.21975945648768,0.436263887019291,1.02689601702987,1.02001628660074,0.994474391831101,0.960052505770343,0.958758829990027,0.959595220343281,0.953427938659347,0.954597968041029,1.02020731579749,0.965720077175438,0.962489332241178,0.945223019898495,0.964270153827713,0.965187384081253,0.973078346745129,0.991036542133795,0.99506942451081,0.993421581258127,0.99060332525052,0.987463614569723,0.997578714010978,1.022959158957,1.02167593929242,0.999263228501661,1.02837952765916,1.01926622377677,1.00205362015503,1.0198023096138,1.02109211964565,1.04990003865442,0.982000050197121,0.984100051405452,0.997200109974312,1.0123001720153,1.04940021945512,1.06360018595946,1.02750005108698,1.02650015704144,1.03000001498278,0.999999967531019,0.99999996830911,0.999999968560811,0.999999970816373,0.999999972585905,0.999999970307116,0.999999970322659,0.999999967971147,0.999999970611758,0.999999961114417
13,8.21976030106997,0.43626409988366,1.02689598046592,1.02001624383567,0.994474345664023,0.96005245741499,0.958758779510332,0.959595169577595,0.953427888002031,0.954597917616524,1.02020728052341,0.965720028520831,0.962489282668377,0.94522297175985,0.964270105270491,0.965187335206505,0.973078296445532,0.991036490848408,0.995069374781113,0.993421532607451,0.990603269830378,0.987463554048472,0.997578666016681,1.02295911556386,1.02167589618875,0.999263177635054,1.02837949665043,1.01926617842411,1.0020535731568,1.01980225861209,1.02109206813763,1.04990001070303,0.982000001195549,0.984100008188112,0.997200060917137,1.01230010523016,1.04940018215913,1.06360015324924,1.02750002473165,1.02650010737134,1.03000000300459,0.999999966988965,0.999999967227202,0.999999967486264,0.999999969110803,0.999999971455229,0.999999968721245,0.999999968806609,0.999999967169406,0.999999969045705,0.999999962211872
13.2,8.21976039928727,0.436264152154042,1.02689597008142,1.0200162309303,0.994474331304683,0.960052442526053,0.958758764283943,0.959595154272218,0.953427872859824,0.95459790259345,1.02020727038165,0.965720013524865,0.962489267515045,0.945222956955842,0.964270090246143,0.965187319922509,0.973078279932511,0.991036473665118,0.995069358642648,0.993421517074423,0.990603249759791,0.987463531551984,0.997578649660825,1.02295910035707,1.02167588101105,0.999263160515011,1.02837948646565,1.01926616453973,1.00205355836725,1.01980224391322,1.02109205343319,1.04990000220052,0.981999986323033,0.984099994424733,0.997200042349947,1.01230007965474,1.04940016861467,1.06360014057138,1.02750001536337,1.02650009321727,1.02999999958895,0.999999964711476,0.999999964602624,0.999999964464156,0.999999964044044,0.999999963625784,0.999999964250708,0.999999964159086,0.999999964612839,0.999999963708971,0.999999966494004
13.4,8.21975969738152,0.436264000390802,1.02689599559047,1.02001626012658,0.994474362392099,0.960052474883231,0.958758798141447,0.959595188289629,0.953427906957252,0.954597936594924,1.02020729458167,0.965720045881512,0.962489300582311,0.945222989021099,0.964270122543651,0.965187352449603,0.973078313154275,0.991036507415739,0.995069391745627,0.993421549606398,0.990603285459804,0.987463570644553,0.997578681059104,1.02295912845854,1.02167590881315,0.999263193925503,1.02837950702918,1.01926619549761,1.00205359008322,1.01980227954035,1.02109208955238,1.04990002129463,0.982000018587751,0.984100022584138,0.997200073272649,1.01230012276525,1.04940019252357,1.06360016072524,1.02750003223331,1.02650012812905,1.03000000788605,0.999999963250399,0.999999962890997,0.999999962575913,0.999999960565732,0.999999958014406,0.999999960801706,0.999999960873063,0.999999962991412,0.999999960511723,0.999999969625719
13.6,8.21975902232655,0.436263801573387,1.02689603020971,1.02001630050737,0.994474406175059,0.960052520833032,0.958758846103731,0.95959523652029,0.953427955091215,0.9545979845099,1.0202073281001,0.965720092055156,0.962489347645235,0.945223034728052,0.964270168653797,0.965187398942316,0.973078361268534,0.99103655658151,0.99506943910057,0.993421595868297,0.990603338017307,0.987463627624473,0.997578727753614,1.02295917119999,1.02167595115484,0.999263242895845,1.02837953636514,1.01926623765405,1.00205363425148,1.01980232605575,1.02109213635586,1.0499000477601,0.982000065144875,0.984100063416231,0.997200119918465,1.01230018524259,1.04940022979326,1.0636001930603,1.02750005729241,1.02650017307895,1.03000001925004,0.999999964271867,0.99999996363405,0.999999963562919,0.999999961834038,0.999999960680184,0.999999961909046,0.999999962048603,0.999999963978797,0.999999962568308,0.999999968546883
13.8,8.21975902930465,0.43626375718315,1.02689603908609,1.02001631142784,0.994474418600479,0.960052534438251,0.958758860392843,0.959595250950278,0.953427969310332,0.954597998589769,1.02020733745105,0.965720106083847,0.962489361852821,0.945223048550377,0.964270182622631,0.965187412895264,0.973078375668454,0.991036571298815,0.995069452831139,0.993421609169651,0.990603353690237,0.987463643810218,0.997578742268549,1.02295918500364,1.02167596497046,0.999263257746971,1.02837954490634,1.0192662486433,1.00205364635693,1.01980233694119,1.02109214708647,1.04990005494951,0.982000079935488,0.984100076476164,0.997200134632602,1.01230020231341,1.0494002421599,1.06360020472598,1.02750006520788,1.02650018322638,1.03000002228084,0.999999966481776,0.999999966298644,0.999999966430972,0.999999966993988,0.99999996794427,0.999999966953402,0.999999966799878,0.999999966496332,0.999999967314785,0.99999996448949
14,8.21975958969983,0.436263911738678,1.02689601433715,1.02001628337801,0.99447438852537,0.960052502906413,0.958758827299254,0.95959521768712,0.953427935959867,0.954597965330599,1.02020731376326,0.965720074572221,0.962489329605109,0.945223017298362,0.964270151163303,0.965187381176257,0.973078343123567,0.991036538185314,0.99506942069755,0.993421577618407,0.990603319389819,0.987463606909602,0.997578710858347,1.02295915646932,1.02167593691647,0.999263224789989,1.02837952532181,1.0192662199369,1.00205361633375,1.0198023049903,1.02109211493593,1.04990003661813,0.982000048090622,0.984100049209132,0.997200104997543,1.01230016230114,1.04940021737831,1.06360018464918,1.02750004907107,1.02650015251923,1.03000001419261,0.999999967560199,0.999999968377823,0.999999968507077,0.999999970754722,0.999999972111833,0.999999970623789,0.999999970492499,0.999999967960194,0.999999969992382,0.999999961631912
14.2,8.21976013627055,0.43626410611819,1.02689598164888,1.02001624544202,0.994474347050398,0.960052458409838,0.958758780363734,0.959595170394511,0.953427888861544,0.954597918491675,1.02020728125254,0.965720029340071,0.962489283495679,0.945222972585078,0.964270106125417,0.965187336149982,0.973078297478445,0.991036491933641,0.995069376222164,0.993421534029343,0.990603271402442,0.987463556099371,0.997578666561244,1.02295911573045,1.02167589655841,0.99926317857827,1.02837949786749,1.0192661812894,1.00205357539386,1.01980226324241,1.02109207313768,1.04990001175426,0.982000001370231,0.984100008718895,0.997200062331349,1.01230010783697,1.04940018180585,1.06360015409343,1.02750002560685,1.02650011269561,1.03000000332201,0.999999966735299,0.999999967603969,0.999999967701279,0.999999968866718,0.999999969832528,0.999999968840969,0.999999968959421,0.999999967031628,0.999999968380408,0.999999962836692
14.4,8.21976021387235,0.436264138873234,1.02689597373294,1.02001623527234,0.994474335595247,0.96005244587131,0.958758767195757,0.959595157075501,0.953427875816743,0.954597905606714,1.02020727288908,0.965720016194625,0.962489270256283,0.945222959693282,0.964270093085393,0.965187323286999,0.973078284603535,0.991036478920827,0.995069363777918,0.993421521917955,0.99060325689746,0.987463540376136,0.997578654230386,1.02295910427055,1.02167588498456,0.999263165611904,1.02837948956733,1.01926617012863,1.00205356373566,1.01980225118788,1.0210920610052,1.04990000497732,0.981999987537679,0.984099995980727,0.997200048595876,1.01230009044091,1.04940017174073,1.06360014395936,1.02750001785122,1.026500100862,1.0300000006222,0.999999964929061,0.999999964664647,0.999999964647365,0.999999963791753,0.999999963770397,0.999999963768967,0.99999996379092,0.999999964781486,0.999999964238074,0.999999966805807
14.6,8.21975974864831,0.436263977350258,1.02689599776567,1.02001626214252,0.994474364775753,0.960052477418209,0.958758800760284,0.959595190891142,0.953427909650647,0.954597939314719,1.02020729670777,0.965720048224565,0.962489303031485,0.945222991400247,0.964270124944487,0.965187355051168,0.973078316320362,0.991036510831307,0.99506939462878,0.993421552331405,0.990603288789886,0.987463573874379,0.997578684817362,1.02295913218836,1.0216759125097,0.99926319751337,1.02837950813951,1.01926619666598,1.00205359197832,1.01980227980593,1.02109208957165,1.04990002245007,0.982000020608989,0.984100024107444,0.997200076179818,1.01230012590991,1.04940019585686,1.06360016353435,1.0275000330068,1.02650012773942,1.03000000861163,0.999999963788128,0.999999962817548,0.999999962611275,0.99999996114384,0.999999959610956,0.99999996102442,0.999999960976386,0.999999963458502,0.999999961491683,0.999999969497906
14.8,8.21975913095106,0.436263793168145,1.02689602862737,1.02001629807714,0.994474403934111,0.960052519450248,0.958758845136286,0.95959523561734,0.953427954161689,0.95459798356775,1.0202073273579,0.965720091124259,0.96248934671857,0.945223033764604,0.964270167616361,0.965187397562624,0.973078358995622,0.991036553912001,0.995069436361179,0.993421593309909,0.990603334039085,0.987463622572708,0.997578725560377,1.02295916933377,1.02167594941416,0.999263240386388,1.02837953429453,1.01926623398943,1.00205363100382,1.01980232092642,1.02109213091241,1.04990004595805,0.982000064765717,0.984100062817931,0.997200116384533,1.01230017894013,1.04940022796732,1.06360019185235,1.0275000553176,1.02650016733498,1.03000001886372,0.999999964563362,0.999999964163242,0.999999964002403,0.999999963007611,0.999999961506299,0.999999963208106,0.999999963320469,0.999999964404074,0.999999962911429,0.999999968290072
15,8.21975898347186,0.436263775398802,1.02689603456443,1.02001630611933,0.994474412653821,0.96005252807931,0.958758853759527,0.959595244269658,0.953427962676115,0.954597991997424,1.02020733284956,0.965720099692768,0.962489355341474,0.945223042220095,0.96427017622983,0.965187406404766,0.973078368734372,0.991036564127606,0.995069446210305,0.993421602763495,0.99060334650269,0.987463636596338,0.997578734928445,1.02295917789514,1.02167595808444,0.999263250444134,1.02837954089932,1.01926624370602,1.00205364073306,1.01980233233991,1.02109214260847,1.0499000512666,0.982000073161145,0.984100070774738,0.997200128101182,1.01230019498262,1.049400235448,1.06360019983268,1.02750006157858,1.02650017903386,1.03000002084697,0.999999966685588,0.999999967145703,0.999999967251038,0.999999967343146,0.99999996781957,0.999999967687104,0.99999996767239,0.999999966768853,0.999999967343807,0.99999996459032
